{
  "trajectory": {
    "min": [
      -47.139112903191524,
      -0.7125750843192994,
      0.0
    ],
    "scale": [
      0.9776769506465656,
      0.4891279476733269,
      0.008304268393954492
    ],
    "data_min": [
      48.21542828847206,
      1.45682758,
      0.0
    ],
    "data_max": [
      49.23826103433834,
      3.50128242,
      120.42
    ],
    "type": "MinMaxScaler"
  }
}